season,race_round,race_name,driver_full_name,constructor_name,grid,qualifying_position,driver_form_score,weekend_readiness,driver_season_momentum,finish_position,predicted_finish_position,absolute_error
2024,1,Bahrain Grand Prix,Alexander Albon,Williams,13,13.0,14.28,9.159999999999998,0.0,15,12.73,2.27
2024,2,Saudi Arabian Grand Prix,Alexander Albon,Williams,12,12.0,13.706666666666667,12.95,0.0,11,12.92,1.92
2024,3,Australian Grand Prix,Alexander Albon,Williams,12,12.0,13.593333333333334,12.3,0.0,11,12.82,1.82
2024,4,Japanese Grand Prix,Alexander Albon,Williams,14,14.0,12.413333333333332,13.8,0.0,20,13.6,6.4
2024,5,Chinese Grand Prix,Alexander Albon,Williams,14,14.0,14.059999999999999,12.6,0.0,12,13.56,1.56
2024,6,Miami Grand Prix,Alexander Albon,Williams,14,14.0,14.173333333333332,13.25,0.0,18,13.66,4.34
2024,7,Emilia Romagna Grand Prix,Alexander Albon,Williams,14,14.0,15.986666666666666,13.5,0.0,20,13.85,6.15
2024,8,Monaco Grand Prix,Alexander Albon,Williams,9,9.0,16.526666666666664,11.3,0.0,9,11.93,2.93
2024,9,Canadian Grand Prix,Alexander Albon,Williams,10,10.0,15.706666666666665,11.5,0.25,17,12.16,4.84
2024,10,Spanish Grand Prix,Alexander Albon,Williams,20,19.0,15.293333333333333,16.275,0.2222222222222222,18,16.13,1.87
2024,11,Austrian Grand Prix,Alexander Albon,Williams,16,16.0,15.186666666666664,14.3,0.2,15,14.52,0.48
2024,12,British Grand Prix,Alexander Albon,Williams,9,9.0,16.406666666666666,10.68,0.18181818181818182,9,11.78,2.78
2024,13,Hungarian Grand Prix,Alexander Albon,Williams,13,13.0,13.879999999999999,12.525,0.3333333333333333,14,13.13,0.87
2024,14,Belgian Grand Prix,Alexander Albon,Williams,10,11.0,13.246666666666666,11.125,0.3076923076923077,12,11.89,0.11
2024,15,Dutch Grand Prix,Alexander Albon,Williams,19,10.0,12.246666666666666,11.2,0.2857142857142857,14,14.77,0.77
2024,16,Italian Grand Prix,Alexander Albon,Williams,9,9.0,13.173333333333334,10.5,0.26666666666666666,9,11.47,2.47
2024,17,Azerbaijan Grand Prix,Alexander Albon,Williams,9,10.0,11.646666666666667,11.5,0.375,7,11.46,4.46
2024,18,Singapore Grand Prix,Alexander Albon,Williams,11,11.0,10.36,11.5,0.7058823529411765,20,11.94,8.06
2024,19,United States Grand Prix,Alexander Albon,Williams,14,16.0,12.119999999999997,13.299999999999999,0.6666666666666666,16,13.35,2.65
2024,20,Mexico City Grand Prix,Alexander Albon,Williams,9,9.0,13.993333333333332,9.7,0.631578947368421,19,11.34,7.66
2024,21,São Paulo Grand Prix,Alexander Albon,Williams,7,7.0,17.093333333333334,10.9,0.6,18,11.13,6.87
2024,22,Las Vegas Grand Prix,Alexander Albon,Williams,17,18.0,17.166666666666668,15.4,0.5714285714285714,19,15.1,3.9
2024,23,Qatar Grand Prix,Alexander Albon,Williams,16,16.0,18.586666666666666,14.700000000000001,0.5454545454545454,15,14.79,0.21
2024,24,Abu Dhabi Grand Prix,Alexander Albon,Williams,18,16.0,17.35333333333333,13.775,0.5217391304347826,11,15.21,4.21
2024,1,Bahrain Grand Prix,Fernando Alonso,Aston Martin,6,6.0,7.613333333333332,6.05,0.0,9,9.4,0.4
2024,2,Saudi Arabian Grand Prix,Fernando Alonso,Aston Martin,4,4.0,8.593333333333334,6.799999999999999,2.0,5,8.5,3.5
2024,3,Australian Grand Prix,Fernando Alonso,Aston Martin,10,10.0,6.879999999999999,8.9,6.0,8,9.78,1.78
2024,4,Japanese Grand Prix,Fernando Alonso,Aston Martin,5,5.0,7.413333333333332,7.0,5.333333333333333,6,8.04,2.04
2024,5,Chinese Grand Prix,Fernando Alonso,Aston Martin,3,3.0,6.533333333333333,5.0,6.0,7,6.86,0.14
2024,6,Miami Grand Prix,Fernando Alonso,Aston Martin,15,15.0,7.0,11.2,6.2,9,11.73,2.73
2024,7,Emilia Romagna Grand Prix,Fernando Alonso,Aston Martin,20,19.0,7.2333333333333325,15.25,5.5,19,14.15,4.85
2024,8,Monaco Grand Prix,Fernando Alonso,Aston Martin,14,14.0,11.106666666666666,11.75,4.714285714285714,11,12.16,1.16
2024,9,Canadian Grand Prix,Fernando Alonso,Aston Martin,6,6.0,12.219999999999999,7.7,4.125,6,9.14,3.14
2024,10,Spanish Grand Prix,Fernando Alonso,Aston Martin,10,11.0,11.52,10.375,4.555555555555555,12,10.71,1.29
2024,11,Austrian Grand Prix,Fernando Alonso,Aston Martin,15,15.0,10.186666666666666,11.82,4.1,18,12.55,5.45
2024,12,British Grand Prix,Fernando Alonso,Aston Martin,10,10.0,12.359999999999998,8.625,3.727272727272727,8,10.69,2.69
2024,13,Hungarian Grand Prix,Fernando Alonso,Aston Martin,7,7.0,12.166666666666664,7.275,3.75,11,9.48,1.52
2024,14,Belgian Grand Prix,Fernando Alonso,Aston Martin,8,9.0,11.933333333333334,9.3,3.4615384615384617,8,10.16,2.16
2024,15,Dutch Grand Prix,Fernando Alonso,Aston Martin,7,7.0,9.719999999999999,6.7,3.5,10,9.24,0.76
2024,16,Italian Grand Prix,Fernando Alonso,Aston Martin,11,11.0,10.066666666666666,11.350000000000001,3.3333333333333335,11,11.32,0.32
2024,17,Azerbaijan Grand Prix,Fernando Alonso,Aston Martin,7,8.0,9.646666666666665,7.6,3.125,6,9.45,3.45
2024,18,Singapore Grand Prix,Fernando Alonso,Aston Martin,7,7.0,9.059999999999999,9.3,3.411764705882353,8,9.6,1.6
2024,19,United States Grand Prix,Fernando Alonso,Aston Martin,7,8.0,8.413333333333332,10.225000000000001,3.4444444444444446,13,9.68,3.32
2024,20,Mexico City Grand Prix,Fernando Alonso,Aston Martin,13,13.0,9.18,13.25,3.263157894736842,18,12.21,5.79
2024,21,São Paulo Grand Prix,Fernando Alonso,Aston Martin,9,9.0,12.459999999999999,8.85,3.1,14,10.54,3.46
2024,22,Las Vegas Grand Prix,Fernando Alonso,Aston Martin,16,17.0,14.04,13.0,2.9523809523809526,11,13.63,2.63
2024,23,Qatar Grand Prix,Fernando Alonso,Aston Martin,8,8.0,13.873333333333333,7.1499999999999995,2.8181818181818183,7,10.14,3.14
2024,24,Abu Dhabi Grand Prix,Fernando Alonso,Aston Martin,8,8.0,11.246666666666666,9.25,2.9565217391304346,9,10.2,1.2
2024,2,Saudi Arabian Grand Prix,Oliver Bearman,Ferrari,11,11.0,0.0,7.5,0.0,7,10.62,3.62
2024,17,Azerbaijan Grand Prix,Oliver Bearman,Haas F1 Team,10,11.0,7.0,8.5,6.0,10,9.73,0.27
2024,21,São Paulo Grand Prix,Oliver Bearman,Haas F1 Team,15,17.0,8.5,11.5,3.5,12,12.49,0.49
2024,1,Bahrain Grand Prix,Valtteri Bottas,Sauber,16,16.0,16.87333333333333,9.785714285714285,0.0,19,14.03,4.97
2024,2,Saudi Arabian Grand Prix,Valtteri Bottas,Sauber,16,16.0,17.993333333333332,13.6,0.0,17,14.7,2.3
2024,3,Australian Grand Prix,Valtteri Bottas,Sauber,13,13.0,18.113333333333333,10.6,0.0,14,13.27,0.73
2024,4,Japanese Grand Prix,Valtteri Bottas,Sauber,13,13.0,16.826666666666664,12.15,0.0,14,13.39,0.61
2024,5,Chinese Grand Prix,Valtteri Bottas,Sauber,10,10.0,15.48,8.2,0.0,20,11.7,8.3
2024,6,Miami Grand Prix,Valtteri Bottas,Sauber,16,16.0,16.24,13.8,0.0,16,14.58,1.42
2024,7,Emilia Romagna Grand Prix,Valtteri Bottas,Sauber,16,16.0,16.526666666666664,13.1,0.0,18,14.5,3.5
2024,8,Monaco Grand Prix,Valtteri Bottas,Sauber,17,17.0,17.52,14.120000000000001,0.0,13,15.06,2.06
2024,9,Canadian Grand Prix,Valtteri Bottas,Sauber,19,17.0,15.826666666666664,13.225,0.0,13,15.44,2.44
2024,10,Spanish Grand Prix,Valtteri Bottas,Sauber,12,12.0,15.066666666666666,10.95,0.0,16,12.74,3.26
2024,11,Austrian Grand Prix,Valtteri Bottas,Sauber,18,18.0,14.36,14.5,0.0,16,15.18,0.82
2024,12,British Grand Prix,Valtteri Bottas,Sauber,16,16.0,15.059999999999999,13.428571428571427,0.0,15,14.42,0.58
2024,13,Hungarian Grand Prix,Valtteri Bottas,Sauber,12,12.0,15.346666666666664,12.399999999999999,0.0,16,12.98,3.02
2024,14,Belgian Grand Prix,Valtteri Bottas,Sauber,14,14.0,15.526666666666664,13.0,0.0,15,13.74,1.26
2024,15,Dutch Grand Prix,Valtteri Bottas,Sauber,16,17.0,15.413333333333332,15.5,0.0,19,14.76,4.24
2024,16,Italian Grand Prix,Valtteri Bottas,Sauber,19,19.0,16.526666666666664,14.700000000000001,0.0,16,15.72,0.28
2024,17,Azerbaijan Grand Prix,Valtteri Bottas,Sauber,16,17.0,16.526666666666664,15.26,0.0,16,14.82,1.18
2024,18,Singapore Grand Prix,Valtteri Bottas,Sauber,19,19.0,16.819999999999997,16.075,0.0,16,15.95,0.05
2024,19,United States Grand Prix,Valtteri Bottas,Sauber,16,18.0,16.119999999999997,15.18,0.0,17,14.78,2.22
2024,20,Mexico City Grand Prix,Valtteri Bottas,Sauber,15,15.0,16.473333333333333,13.979999999999999,0.0,14,14.3,0.3
2024,21,São Paulo Grand Prix,Valtteri Bottas,Sauber,11,11.0,15.706666666666665,12.28,0.0,13,12.66,0.34
2024,22,Las Vegas Grand Prix,Valtteri Bottas,Sauber,19,19.0,14.826666666666664,18.0,0.0,18,16.08,1.92
2024,23,Qatar Grand Prix,Valtteri Bottas,Sauber,13,13.0,15.18,14.1,0.0,11,13.55,2.55
2024,24,Abu Dhabi Grand Prix,Valtteri Bottas,Sauber,9,9.0,14.18,10.65,0.0,18,11.63,6.37
2024,16,Italian Grand Prix,Franco Colapinto,Williams,18,18.0,0.0,12.4,0.0,12,13.65,1.65
2024,17,Azerbaijan Grand Prix,Franco Colapinto,Williams,8,9.0,11.999999999999998,7.9,0.0,8,10.7,2.7
2024,18,Singapore Grand Prix,Franco Colapinto,Williams,12,12.0,10.0,9.6,2.0,11,11.67,0.67
2024,19,United States Grand Prix,Franco Colapinto,Williams,15,17.0,10.333333333333334,11.9,1.3333333333333333,10,13.17,3.17
2024,20,Mexico City Grand Prix,Franco Colapinto,Williams,16,16.0,9.841666666666665,11.2,1.25,12,13.37,1.37
2024,21,São Paulo Grand Prix,Franco Colapinto,Williams,16,18.0,10.879999999999999,12.2,1.0,17,13.67,3.33
2024,22,Las Vegas Grand Prix,Franco Colapinto,Williams,20,14.0,12.58,10.0,0.8333333333333334,14,14.83,0.83
2024,23,Qatar Grand Prix,Franco Colapinto,Williams,19,19.0,13.873333333333333,12.5,0.7142857142857143,19,15.01,3.99
2024,24,Abu Dhabi Grand Prix,Franco Colapinto,Williams,20,19.0,15.986666666666666,12.7,0.625,19,15.57,3.43
2024,24,Abu Dhabi Grand Prix,Jack Doohan,Alpine F1 Team,17,20.0,0.0,13.6,0.0,15,13.5,1.5
2024,1,Bahrain Grand Prix,Pierre Gasly,Alpine F1 Team,20,20.0,10.113333333333333,13.414285714285713,0.0,18,15.31,2.69
2024,2,Saudi Arabian Grand Prix,Pierre Gasly,Alpine F1 Team,18,18.0,13.399999999999999,13.3,0.0,20,14.92,5.08
2024,3,Australian Grand Prix,Pierre Gasly,Alpine F1 Team,17,17.0,16.04,14.325,0.0,13,14.97,1.97
2024,4,Japanese Grand Prix,Pierre Gasly,Alpine F1 Team,17,17.0,16.4,14.75,0.0,16,15.06,0.94
2024,5,Chinese Grand Prix,Pierre Gasly,Alpine F1 Team,15,15.0,16.23333333333333,13.7,0.0,13,14.23,1.23
2024,6,Miami Grand Prix,Pierre Gasly,Alpine F1 Team,12,12.0,14.599999999999998,12.700000000000001,0.0,12,12.96,0.96
2024,7,Emilia Romagna Grand Prix,Pierre Gasly,Alpine F1 Team,15,15.0,14.006666666666668,14.0,0.0,16,14.09,1.91
2024,8,Monaco Grand Prix,Pierre Gasly,Alpine F1 Team,10,10.0,13.766666666666666,9.96,0.0,10,11.82,1.82
2024,9,Canadian Grand Prix,Pierre Gasly,Alpine F1 Team,15,15.0,12.886666666666665,13.675,0.125,9,13.92,4.92
2024,10,Spanish Grand Prix,Pierre Gasly,Alpine F1 Team,7,7.0,11.766666666666666,9.45,0.3333333333333333,9,10.52,1.52
2024,11,Austrian Grand Prix,Pierre Gasly,Alpine F1 Team,13,13.0,9.893333333333333,12.425,0.5,10,12.74,2.74
2024,12,British Grand Prix,Pierre Gasly,Alpine F1 Team,19,20.0,9.773333333333333,15.82857142857143,0.5454545454545454,20,15.2,4.8
2024,13,Hungarian Grand Prix,Pierre Gasly,Alpine F1 Team,20,20.0,12.58,15.85,0.5,20,15.78,4.22
2024,14,Belgian Grand Prix,Pierre Gasly,Alpine F1 Team,12,12.0,15.746666666666666,11.2,0.46153846153846156,13,12.73,0.27
2024,15,Dutch Grand Prix,Pierre Gasly,Alpine F1 Team,9,9.0,16.686666666666667,9.1,0.42857142857142855,9,11.52,2.52
2024,16,Italian Grand Prix,Pierre Gasly,Alpine F1 Team,14,14.0,14.12,13.0,0.5333333333333333,15,13.51,1.49
2024,17,Azerbaijan Grand Prix,Pierre Gasly,Alpine F1 Team,18,15.0,13.253333333333334,13.159999999999998,0.5,12,14.78,2.78
2024,18,Singapore Grand Prix,Pierre Gasly,Alpine F1 Team,18,18.0,12.54,14.575000000000001,0.47058823529411764,17,14.94,2.06
2024,19,United States Grand Prix,Pierre Gasly,Alpine F1 Team,6,7.0,14.226666666666665,10.38,0.4444444444444444,12,10.51,1.49
2024,20,Mexico City Grand Prix,Pierre Gasly,Alpine F1 Team,8,8.0,13.466666666666667,9.5,0.42105263157894735,10,10.98,0.98
2024,21,São Paulo Grand Prix,Pierre Gasly,Alpine F1 Team,13,15.0,13.059999999999999,12.88,0.45,3,13.09,10.09
2024,22,Las Vegas Grand Prix,Pierre Gasly,Alpine F1 Team,3,3.0,9.073333333333334,7.2,1.1428571428571428,20,8.46,11.54
2024,23,Qatar Grand Prix,Pierre Gasly,Alpine F1 Team,11,11.0,11.419999999999998,11.35,1.0909090909090908,5,11.92,6.92
2024,24,Abu Dhabi Grand Prix,Pierre Gasly,Alpine F1 Team,5,6.0,9.533333333333333,8.7,1.4782608695652173,7,9.31,2.31
2024,1,Bahrain Grand Prix,Lewis Hamilton,Mercedes,9,9.0,8.299999999999999,5.4,0.0,7,10.34,3.34
2024,2,Saudi Arabian Grand Prix,Lewis Hamilton,Mercedes,8,8.0,7.346666666666666,6.8,6.0,9,8.84,0.16
2024,3,Australian Grand Prix,Lewis Hamilton,Mercedes,11,11.0,8.233333333333333,7.85,4.0,18,10.5,7.5
2024,4,Japanese Grand Prix,Lewis Hamilton,Mercedes,7,7.0,10.933333333333334,6.55,2.6666666666666665,9,9.5,0.5
2024,5,Chinese Grand Prix,Lewis Hamilton,Mercedes,18,18.0,11.52,11.35,2.5,9,13.92,4.92
2024,6,Miami Grand Prix,Lewis Hamilton,Mercedes,8,8.0,11.52,7.6,2.4,6,10.1,4.1
2024,7,Emilia Romagna Grand Prix,Lewis Hamilton,Mercedes,8,8.0,8.66,7.199999999999999,3.3333333333333335,6,9.59,3.59
2024,8,Monaco Grand Prix,Lewis Hamilton,Mercedes,7,7.0,7.779999999999999,6.68,4.0,7,8.97,1.97
2024,9,Canadian Grand Prix,Lewis Hamilton,Mercedes,7,7.0,6.653333333333332,6.0,4.375,4,8.69,4.69
2024,10,Spanish Grand Prix,Lewis Hamilton,Mercedes,3,3.0,5.886666666666667,3.65,5.333333333333333,3,6.75,3.75
2024,11,Austrian Grand Prix,Lewis Hamilton,Mercedes,5,5.0,4.826666666666666,5.7125,6.3,4,7.42,3.42
2024,12,British Grand Prix,Lewis Hamilton,Mercedes,2,2.0,4.006666666666666,2.9571428571428573,6.818181818181818,1,5.84,4.84
2024,13,Hungarian Grand Prix,Lewis Hamilton,Mercedes,5,5.0,3.0066666666666664,4.45,8.333333333333334,3,6.63,3.63
2024,14,Belgian Grand Prix,Lewis Hamilton,Mercedes,3,4.0,2.7666666666666666,4.8,8.846153846153847,1,5.9,4.9
2024,15,Dutch Grand Prix,Lewis Hamilton,Mercedes,14,11.0,1.8866666666666667,7.9,10.0,8,9.65,1.65
2024,16,Italian Grand Prix,Lewis Hamilton,Mercedes,6,6.0,3.82,6.15,9.6,5,7.01,2.01
2024,17,Azerbaijan Grand Prix,Lewis Hamilton,Mercedes,19,7.0,4.346666666666667,6.38,9.625,9,11.35,2.35
2024,18,Singapore Grand Prix,Lewis Hamilton,Mercedes,3,3.0,6.693333333333333,3.975,9.176470588235293,6,6.03,0.03
2024,19,United States Grand Prix,Lewis Hamilton,Mercedes,17,19.0,6.406666666666667,12.379999999999999,9.11111111111111,20,11.88,8.12
2024,20,Mexico City Grand Prix,Lewis Hamilton,Mercedes,6,6.0,11.046666666666667,4.86,8.631578947368421,4,7.64,3.64
2024,21,São Paulo Grand Prix,Lewis Hamilton,Mercedes,14,16.0,9.64,10.34,8.8,10,10.93,0.93
2024,22,Las Vegas Grand Prix,Lewis Hamilton,Mercedes,10,10.0,10.873333333333333,8.5,8.428571428571429,2,9.53,7.53
2024,23,Qatar Grand Prix,Lewis Hamilton,Mercedes,6,6.0,6.253333333333333,7.4,8.863636363636363,12,7.56,4.44
2024,24,Abu Dhabi Grand Prix,Lewis Hamilton,Mercedes,16,18.0,8.48,12.1,8.478260869565217,4,11.83,7.83
2024,1,Bahrain Grand Prix,Nico Hülkenberg,Haas F1 Team,10,10.0,14.933333333333334,9.325,0.0,16,11.82,4.18
2024,2,Saudi Arabian Grand Prix,Nico Hülkenberg,Haas F1 Team,15,15.0,16.166666666666664,13.1,0.0,10,14.14,4.14
2024,3,Australian Grand Prix,Nico Hülkenberg,Haas F1 Team,16,16.0,13.886666666666667,11.9,0.5,9,13.98,4.98
2024,4,Japanese Grand Prix,Nico Hülkenberg,Haas F1 Team,12,12.0,12.306666666666665,13.700000000000001,1.0,11,12.7,1.7
2024,5,Chinese Grand Prix,Nico Hülkenberg,Haas F1 Team,9,9.0,10.66,10.600000000000001,0.75,10,11.16,1.16
2024,6,Miami Grand Prix,Nico Hülkenberg,Haas F1 Team,9,9.0,10.36,11.4,0.8,11,11.25,0.25
2024,7,Emilia Romagna Grand Prix,Nico Hülkenberg,Haas F1 Team,10,10.0,10.526666666666666,7.2,0.6666666666666666,11,10.99,0.01
2024,8,Monaco Grand Prix,Nico Hülkenberg,Haas F1 Team,19,14.0,10.586666666666666,13.200000000000001,0.5714285714285714,19,14.87,4.13
2024,9,Canadian Grand Prix,Nico Hülkenberg,Haas F1 Team,17,19.0,13.286666666666665,14.8,0.5,11,14.7,3.7
2024,10,Spanish Grand Prix,Nico Hülkenberg,Haas F1 Team,13,13.0,13.286666666666665,13.700000000000001,0.4444444444444444,11,13.23,2.23
2024,11,Austrian Grand Prix,Nico Hülkenberg,Haas F1 Team,9,9.0,13.346666666666666,12.4,0.4,6,11.74,5.74
2024,12,British Grand Prix,Nico Hülkenberg,Haas F1 Team,6,6.0,10.013333333333334,8.559999999999999,1.0909090909090908,6,9.74,3.74
2024,13,Hungarian Grand Prix,Nico Hülkenberg,Haas F1 Team,11,11.0,8.546666666666667,11.3,1.6666666666666667,13,11.55,1.45
2024,14,Belgian Grand Prix,Nico Hülkenberg,Haas F1 Team,16,16.0,8.653333333333332,15.0,1.5384615384615385,18,13.78,4.22
2024,15,Dutch Grand Prix,Nico Hülkenberg,Haas F1 Team,12,13.0,11.873333333333333,12.5,1.4285714285714286,11,12.39,1.39
2024,16,Italian Grand Prix,Nico Hülkenberg,Haas F1 Team,10,10.0,13.04,10.9,1.3333333333333333,17,11.61,5.39
2024,17,Azerbaijan Grand Prix,Nico Hülkenberg,Haas F1 Team,12,13.0,14.633333333333333,13.799999999999999,1.25,11,12.86,1.86
2024,18,Singapore Grand Prix,Nico Hülkenberg,Haas F1 Team,6,6.0,13.3,8.6,1.1764705882352942,9,10.01,1.01
2024,19,United States Grand Prix,Nico Hülkenberg,Haas F1 Team,11,12.0,12.593333333333332,10.8,1.2222222222222223,8,11.91,3.91
2024,20,Mexico City Grand Prix,Nico Hülkenberg,Haas F1 Team,10,10.0,9.893333333333333,9.9,1.368421052631579,9,11.19,2.19
2024,21,São Paulo Grand Prix,Nico Hülkenberg,Haas F1 Team,18,19.0,9.306666666666665,16.1,1.4,20,14.69,5.31
2024,22,Las Vegas Grand Prix,Nico Hülkenberg,Haas F1 Team,9,9.0,12.053333333333333,12.2,1.3333333333333333,8,11.4,3.4
2024,23,Qatar Grand Prix,Nico Hülkenberg,Haas F1 Team,18,18.0,11.873333333333333,15.8,1.4545454545454546,16,14.85,1.15
2024,24,Abu Dhabi Grand Prix,Nico Hülkenberg,Haas F1 Team,7,4.0,13.926666666666666,8.899999999999999,1.391304347826087,8,10.39,2.39
2024,1,Bahrain Grand Prix,Kevin Magnussen,Haas F1 Team,15,15.0,16.939999999999998,11.1,0.0,12,13.9,1.9
2024,2,Saudi Arabian Grand Prix,Kevin Magnussen,Haas F1 Team,13,13.0,15.419999999999998,11.35,0.0,12,13.15,1.15
2024,3,Australian Grand Prix,Kevin Magnussen,Haas F1 Team,14,14.0,14.766666666666666,13.05,0.0,10,13.68,3.68
2024,4,Japanese Grand Prix,Kevin Magnussen,Haas F1 Team,18,18.0,11.953333333333333,16.400000000000002,0.3333333333333333,13,15.19,2.19
2024,5,Chinese Grand Prix,Kevin Magnussen,Haas F1 Team,17,17.0,12.186666666666666,14.35,0.25,16,14.59,1.41
2024,6,Miami Grand Prix,Kevin Magnussen,Haas F1 Team,18,19.0,12.879999999999999,16.0,0.2,19,15.24,3.76
2024,7,Emilia Romagna Grand Prix,Kevin Magnussen,Haas F1 Team,18,18.0,15.399999999999999,15.450000000000001,0.16666666666666666,12,15.38,3.38
2024,8,Monaco Grand Prix,Kevin Magnussen,Haas F1 Team,20,15.0,15.166666666666664,15.049999999999999,0.14285714285714285,20,15.96,4.04
2024,9,Canadian Grand Prix,Kevin Magnussen,Haas F1 Team,14,14.0,16.7,14.600000000000001,0.125,12,14.05,2.05
2024,10,Spanish Grand Prix,Kevin Magnussen,Haas F1 Team,16,16.0,15.006666666666666,14.78,0.1111111111111111,17,14.6,2.4
2024,11,Austrian Grand Prix,Kevin Magnussen,Haas F1 Team,12,12.0,16.23333333333333,13.149999999999999,0.1,8,13.14,5.14
2024,12,British Grand Prix,Kevin Magnussen,Haas F1 Team,17,17.0,12.773333333333333,15.950000000000001,0.45454545454545453,12,14.84,2.84
2024,13,Hungarian Grand Prix,Kevin Magnussen,Haas F1 Team,15,15.0,12.773333333333333,13.879999999999999,0.4166666666666667,15,13.88,1.12
2024,14,Belgian Grand Prix,Kevin Magnussen,Haas F1 Team,17,17.0,12.006666666666666,15.38,0.38461538461538464,14,14.7,0.7
2024,15,Dutch Grand Prix,Kevin Magnussen,Haas F1 Team,20,14.0,13.526666666666666,14.649999999999999,0.35714285714285715,18,15.71,2.29
2024,16,Italian Grand Prix,Kevin Magnussen,Haas F1 Team,13,13.0,14.986666666666665,14.719999999999999,0.3333333333333333,10,13.55,3.55
2024,18,Singapore Grand Prix,Kevin Magnussen,Haas F1 Team,14,14.0,13.939999999999998,14.474999999999998,0.375,19,13.75,5.25
2024,19,United States Grand Prix,Kevin Magnussen,Haas F1 Team,8,9.0,15.526666666666664,12.075,0.35294117647058826,11,11.55,0.55
2024,20,Mexico City Grand Prix,Kevin Magnussen,Haas F1 Team,7,7.0,13.653333333333334,11.45,0.3333333333333333,7,10.98,3.98
2024,22,Las Vegas Grand Prix,Kevin Magnussen,Haas F1 Team,12,12.0,12.533333333333333,12.700000000000001,0.631578947368421,12,12.65,0.65
2024,23,Qatar Grand Prix,Kevin Magnussen,Haas F1 Team,10,10.0,10.54,12.0,0.6,9,11.73,2.73
2024,24,Abu Dhabi Grand Prix,Kevin Magnussen,Haas F1 Team,14,15.0,10.013333333333334,15.040000000000001,0.6666666666666666,16,13.44,2.56
2024,19,United States Grand Prix,Liam Lawson,RB F1 Team,19,15.0,12.293333333333333,11.1,0.0,9,14.82,5.82
2024,20,Mexico City Grand Prix,Liam Lawson,RB F1 Team,12,12.0,12.053333333333333,9.4,2.0,16,11.81,4.19
2024,21,São Paulo Grand Prix,Liam Lawson,RB F1 Team,5,5.0,13.52,5.9,1.0,9,9.33,0.33
2024,22,Las Vegas Grand Prix,Liam Lawson,RB F1 Team,14,15.0,11.653333333333332,10.7,1.3333333333333333,16,12.78,3.22
2024,23,Qatar Grand Prix,Liam Lawson,RB F1 Team,17,17.0,13.586666666666666,16.8,1.0,14,14.92,0.92
2024,24,Abu Dhabi Grand Prix,Liam Lawson,RB F1 Team,12,12.0,12.94,9.4,0.8,17,12.15,4.85
2024,1,Bahrain Grand Prix,Charles Leclerc,Ferrari,2,2.0,8.42,4.242857142857143,0.0,4,7.88,3.88
2024,2,Saudi Arabian Grand Prix,Charles Leclerc,Ferrari,2,2.0,3.7266666666666666,3.1999999999999997,12.0,3,4.73,1.73
2024,3,Australian Grand Prix,Charles Leclerc,Ferrari,4,5.0,3.9599999999999995,6.025,14.0,2,5.39,3.39
2024,4,Japanese Grand Prix,Charles Leclerc,Ferrari,8,8.0,2.88,6.725,15.666666666666666,4,6.36,2.36
2024,5,Chinese Grand Prix,Charles Leclerc,Ferrari,6,6.0,2.9999999999999996,7.199999999999999,14.75,4,5.98,1.98
2024,6,Miami Grand Prix,Charles Leclerc,Ferrari,2,2.0,3.3533333333333335,2.9499999999999997,14.2,3,4.18,1.18
2024,7,Emilia Romagna Grand Prix,Charles Leclerc,Ferrari,3,4.0,3.5266666666666664,4.1,14.333333333333334,3,4.67,1.67
2024,8,Monaco Grand Prix,Charles Leclerc,Ferrari,1,1.0,3.2933333333333334,4.98,14.428571428571429,1,4.1,3.1
2024,9,Canadian Grand Prix,Charles Leclerc,Ferrari,11,11.0,2.533333333333333,7.550000000000001,15.75,19,7.42,11.58
2024,10,Spanish Grand Prix,Charles Leclerc,Ferrari,5,5.0,7.166666666666666,6.6,14.0,5,6.08,1.08
2024,11,Austrian Grand Prix,Charles Leclerc,Ferrari,6,6.0,7.693333333333333,5.475,13.6,11,6.37,4.63
2024,12,British Grand Prix,Charles Leclerc,Ferrari,11,11.0,10.506666666666666,7.985714285714286,12.363636363636363,14,8.89,5.11
2024,13,Hungarian Grand Prix,Charles Leclerc,Ferrari,6,6.0,10.0,6.9,11.333333333333334,4,7.27,3.27
2024,14,Belgian Grand Prix,Charles Leclerc,Ferrari,1,2.0,9.946666666666665,4.1,11.384615384615385,3,5.19,2.19
2024,15,Dutch Grand Prix,Charles Leclerc,Ferrari,6,6.0,7.119999999999999,6.299999999999999,11.642857142857142,3,6.87,3.87
2024,16,Italian Grand Prix,Charles Leclerc,Ferrari,4,4.0,4.433333333333334,4.6,11.866666666666667,1,5.68,4.68
2024,17,Azerbaijan Grand Prix,Charles Leclerc,Ferrari,1,1.0,3.1333333333333333,3.3200000000000003,12.6875,2,4.22,2.22
2024,18,Singapore Grand Prix,Charles Leclerc,Ferrari,9,9.0,2.1799999999999997,6.375,13.0,5,7.15,2.15
2024,19,United States Grand Prix,Charles Leclerc,Ferrari,4,4.0,2.7066666666666666,5.359999999999999,12.833333333333334,1,5.44,4.44
2024,20,Mexico City Grand Prix,Charles Leclerc,Ferrari,4,4.0,2.5866666666666664,4.1,13.473684210526315,3,5.1,2.1
2024,21,São Paulo Grand Prix,Charles Leclerc,Ferrari,6,6.0,2.8199999999999994,6.84,13.6,5,6.16,1.16
2024,22,Las Vegas Grand Prix,Charles Leclerc,Ferrari,4,4.0,3.0599999999999996,3.2,13.428571428571429,4,5.02,1.02
2024,23,Qatar Grand Prix,Charles Leclerc,Ferrari,5,5.0,3.88,5.050000000000001,13.363636363636363,2,5.71,3.71
2024,24,Abu Dhabi Grand Prix,Charles Leclerc,Ferrari,19,14.0,3.4666666666666663,9.45,13.565217391304348,3,10.88,7.88
2024,1,Bahrain Grand Prix,Max Verstappen,Red Bull,1,1.0,1.0,3.528571428571429,0.0,1,6.82,5.82
2024,2,Saudi Arabian Grand Prix,Max Verstappen,Red Bull,1,1.0,1.0,1.2,26.0,1,1.0,0.0
2024,3,Australian Grand Prix,Max Verstappen,Red Bull,1,1.0,1.0,2.8000000000000003,25.5,19,1.18,17.82
2024,4,Japanese Grand Prix,Max Verstappen,Red Bull,1,1.0,6.279999999999999,2.425,17.0,1,3.41,2.41
2024,5,Chinese Grand Prix,Max Verstappen,Red Bull,1,1.0,6.279999999999999,2.05,19.25,1,2.87,1.87
2024,6,Miami Grand Prix,Max Verstappen,Red Bull,1,1.0,6.279999999999999,1.0,20.4,2,2.46,0.46
2024,7,Emilia Romagna Grand Prix,Max Verstappen,Red Bull,1,1.0,2.373333333333333,2.6,20.0,1,2.46,1.46
2024,8,Monaco Grand Prix,Max Verstappen,Red Bull,6,6.0,2.373333333333333,4.28,20.714285714285715,6,4.2,1.8
2024,9,Canadian Grand Prix,Max Verstappen,Red Bull,2,2.0,2.76,1.95,19.125,1,2.91,1.91
2024,10,Spanish Grand Prix,Max Verstappen,Red Bull,2,2.0,2.5266666666666664,1.8,19.77777777777778,1,2.73,1.73
2024,11,Austrian Grand Prix,Max Verstappen,Red Bull,1,1.0,2.5266666666666664,1.825,20.3,5,2.29,2.71
2024,12,British Grand Prix,Max Verstappen,Red Bull,4,4.0,2.473333333333333,4.385714285714285,19.363636363636363,2,3.86,1.86
2024,13,Hungarian Grand Prix,Max Verstappen,Red Bull,3,3.0,2.7666666666666666,3.4000000000000004,19.25,5,3.43,1.57
2024,14,Belgian Grand Prix,Max Verstappen,Red Bull,11,1.0,3.6399999999999997,2.15,18.53846153846154,4,6.09,2.09
2024,15,Dutch Grand Prix,Max Verstappen,Red Bull,2,2.0,3.5866666666666664,1.5,18.071428571428573,2,3.14,1.14
2024,16,Italian Grand Prix,Max Verstappen,Red Bull,7,7.0,3.6466666666666665,6.2,18.066666666666666,6,5.49,0.51
2024,17,Azerbaijan Grand Prix,Max Verstappen,Red Bull,6,6.0,3.9399999999999995,5.659999999999999,17.4375,5,5.25,0.25
2024,18,Singapore Grand Prix,Max Verstappen,Red Bull,2,2.0,4.353333333333333,2.475,17.0,2,3.58,1.58
2024,19,United States Grand Prix,Max Verstappen,Red Bull,2,2.0,4.173333333333333,1.68,17.055555555555557,3,3.44,0.44
2024,20,Mexico City Grand Prix,Max Verstappen,Red Bull,2,2.0,3.4133333333333336,1.8,16.94736842105263,6,3.41,2.59
2024,21,São Paulo Grand Prix,Max Verstappen,Red Bull,17,12.0,3.8866666666666667,6.92,16.5,1,9.25,8.25
2024,22,Las Vegas Grand Prix,Max Verstappen,Red Bull,5,5.0,3.3533333333333335,3.0,16.952380952380953,5,4.57,0.43
2024,23,Qatar Grand Prix,Max Verstappen,Red Bull,2,1.0,3.82,1.15,16.636363636363637,1,3.42,2.42
2024,24,Abu Dhabi Grand Prix,Max Verstappen,Red Bull,4,5.0,2.5933333333333333,3.1500000000000004,17.0,6,4.19,1.81
2024,1,Bahrain Grand Prix,Lando Norris,McLaren,7,7.0,8.34,6.500000000000001,0.0,6,9.86,3.86
2024,2,Saudi Arabian Grand Prix,Lando Norris,McLaren,6,6.0,9.513333333333334,7.4,8.0,8,8.03,0.03
2024,3,Australian Grand Prix,Lando Norris,McLaren,3,4.0,6.893333333333333,5.7,6.0,3,7.0,4.0
2024,4,Japanese Grand Prix,Lando Norris,McLaren,3,3.0,6.486666666666666,5.0,9.0,5,6.21,1.21
2024,5,Chinese Grand Prix,Lando Norris,McLaren,4,4.0,5.3533333333333335,8.399999999999999,9.25,2,6.9,4.9
2024,6,Miami Grand Prix,Lando Norris,McLaren,5,5.0,3.7733333333333334,8.899999999999999,11.0,1,6.79,5.79
2024,7,Emilia Romagna Grand Prix,Lando Norris,McLaren,2,3.0,3.0066666666666664,3.7,13.333333333333334,2,4.45,2.45
2024,8,Monaco Grand Prix,Lando Norris,McLaren,4,4.0,1.9466666666666668,4.775,14.0,4,5.03,1.03
2024,9,Canadian Grand Prix,Lando Norris,McLaren,3,3.0,2.473333333333333,6.9,13.75,2,5.13,3.13
2024,10,Spanish Grand Prix,Lando Norris,McLaren,1,1.0,2.5266666666666664,4.68,14.222222222222221,2,4.04,2.04
2024,11,Austrian Grand Prix,Lando Norris,McLaren,2,2.0,2.5266666666666664,2.8142857142857145,14.7,20,3.98,16.02
2024,12,British Grand Prix,Lando Norris,McLaren,3,3.0,7.3999999999999995,3.75,13.363636363636363,3,5.15,2.15
2024,13,Hungarian Grand Prix,Lando Norris,McLaren,1,1.0,7.693333333333333,3.6599999999999997,13.5,2,4.48,2.48
2024,14,Belgian Grand Prix,Lando Norris,McLaren,4,5.0,7.573333333333333,5.96,13.846153846153847,5,5.72,0.72
2024,15,Dutch Grand Prix,Lando Norris,McLaren,1,1.0,4.253333333333334,3.3,13.571428571428571,1,4.12,3.12
2024,16,Italian Grand Prix,Lando Norris,McLaren,1,1.0,3.7266666666666666,2.76,14.4,3,3.81,0.81
2024,17,Azerbaijan Grand Prix,Lando Norris,McLaren,15,16.0,2.9399999999999995,10.725,14.5,4,9.52,5.52
2024,18,Singapore Grand Prix,Lando Norris,McLaren,1,1.0,2.7666666666666666,2.1999999999999997,14.411764705882353,1,3.64,2.64
2024,19,United States Grand Prix,Lando Norris,McLaren,1,1.0,2.7066666666666666,2.6249999999999996,15.0,4,3.57,0.43
2024,20,Mexico City Grand Prix,Lando Norris,McLaren,3,3.0,2.88,5.2,14.842105263157896,2,4.67,2.67
2024,21,São Paulo Grand Prix,Lando Norris,McLaren,1,1.0,2.473333333333333,3.75,15.0,6,3.72,2.28
2024,22,Las Vegas Grand Prix,Lando Norris,McLaren,6,6.0,3.82,9.4,14.666666666666666,6,6.4,0.4
2024,23,Qatar Grand Prix,Lando Norris,McLaren,3,3.0,4.406666666666666,3.6999999999999997,14.409090909090908,10,4.66,5.34
2024,24,Abu Dhabi Grand Prix,Lando Norris,McLaren,1,1.0,6.813333333333333,2.76,13.869565217391305,1,4.19,3.19
2024,1,Bahrain Grand Prix,Esteban Ocon,Alpine F1 Team,19,19.0,9.306666666666665,12.649999999999999,0.0,17,14.8,2.2
2024,2,Saudi Arabian Grand Prix,Esteban Ocon,Alpine F1 Team,17,17.0,10.879999999999999,12.3,0.0,13,14.23,1.23
2024,3,Australian Grand Prix,Esteban Ocon,Alpine F1 Team,15,15.0,13.159999999999998,12.8,0.0,16,13.84,2.16
2024,4,Japanese Grand Prix,Esteban Ocon,Alpine F1 Team,15,15.0,14.453333333333333,12.5,0.0,15,13.9,1.1
2024,5,Chinese Grand Prix,Esteban Ocon,Alpine F1 Team,13,13.0,14.646666666666665,12.4,0.0,11,13.25,2.25
2024,6,Miami Grand Prix,Esteban Ocon,Alpine F1 Team,13,13.0,14.12,11.850000000000001,0.0,10,13.12,3.12
2024,7,Emilia Romagna Grand Prix,Esteban Ocon,Alpine F1 Team,12,12.0,12.299999999999999,12.6,0.16666666666666666,14,12.71,1.29
2024,8,Monaco Grand Prix,Esteban Ocon,Alpine F1 Team,11,11.0,12.126666666666665,10.35,0.14285714285714285,17,12.04,4.96
2024,9,Canadian Grand Prix,Esteban Ocon,Alpine F1 Team,18,18.0,13.586666666666666,14.100000000000001,0.125,10,15.03,5.03
2024,10,Spanish Grand Prix,Esteban Ocon,Alpine F1 Team,8,9.0,13.286666666666665,10.48,0.2222222222222222,10,11.15,1.15
2024,11,Austrian Grand Prix,Esteban Ocon,Alpine F1 Team,10,10.0,12.293333333333333,11.442857142857143,0.3,12,11.85,0.15
2024,12,British Grand Prix,Esteban Ocon,Alpine F1 Team,18,18.0,11.246666666666666,15.05,0.2727272727272727,16,14.94,1.06
2024,13,Hungarian Grand Prix,Esteban Ocon,Alpine F1 Team,19,19.0,12.766666666666666,15.86,0.25,18,15.52,2.48
2024,14,Belgian Grand Prix,Esteban Ocon,Alpine F1 Team,9,10.0,14.693333333333332,10.18,0.23076923076923078,9,11.55,2.55
2024,15,Dutch Grand Prix,Esteban Ocon,Alpine F1 Team,15,16.0,13.933333333333334,13.8,0.35714285714285715,15,13.98,1.02
2024,16,Italian Grand Prix,Esteban Ocon,Alpine F1 Team,15,15.0,14.0,13.74,0.3333333333333333,14,13.98,0.02
2024,17,Azerbaijan Grand Prix,Esteban Ocon,Alpine F1 Team,20,19.0,13.186666666666666,17.5,0.3125,15,16.12,1.12
2024,18,Singapore Grand Prix,Esteban Ocon,Alpine F1 Team,15,15.0,14.526666666666666,16.299999999999997,0.29411764705882354,13,14.42,1.42
2024,19,United States Grand Prix,Esteban Ocon,Alpine F1 Team,12,13.0,13.759999999999998,14.724999999999998,0.2777777777777778,18,13.13,4.87
2024,21,São Paulo Grand Prix,Esteban Ocon,Alpine F1 Team,4,4.0,14.646666666666665,8.274999999999999,0.25,2,9.62,7.62
2024,22,Las Vegas Grand Prix,Esteban Ocon,Alpine F1 Team,11,11.0,11.36,9.3,1.0952380952380953,17,11.61,5.39
2024,23,Qatar Grand Prix,Esteban Ocon,Alpine F1 Team,20,20.0,11.246666666666666,14.4,1.0454545454545454,20,15.33,4.67
2024,1,Bahrain Grand Prix,Sergio Pérez,Red Bull,5,5.0,4.666666666666666,5.7,0.0,2,8.77,6.77
2024,2,Saudi Arabian Grand Prix,Sergio Pérez,Red Bull,3,3.0,4.079999999999999,4.1,18.0,2,3.92,1.92
2024,3,Australian Grand Prix,Sergio Pérez,Red Bull,6,3.0,2.7666666666666666,4.225,18.0,5,4.81,0.19
2024,4,Japanese Grand Prix,Sergio Pérez,Red Bull,2,2.0,3.0599999999999996,4.3,15.333333333333334,2,4.11,2.11
2024,5,Chinese Grand Prix,Sergio Pérez,Red Bull,2,2.0,2.9999999999999996,4.4,16.0,3,3.98,0.98
2024,6,Miami Grand Prix,Sergio Pérez,Red Bull,4,4.0,3.1733333333333333,3.3,15.8,4,4.53,0.53
2024,7,Emilia Romagna Grand Prix,Sergio Pérez,Red Bull,11,11.0,3.0599999999999996,7.800000000000001,15.166666666666666,8,7.63,0.37
2024,8,Monaco Grand Prix,Sergio Pérez,Red Bull,16,16.0,4.82,11.5,13.571428571428571,18,10.32,7.68
2024,9,Canadian Grand Prix,Sergio Pérez,Red Bull,16,16.0,9.1,12.9,11.875,18,11.26,6.74
2024,10,Spanish Grand Prix,Sergio Pérez,Red Bull,11,8.0,13.326666666666664,7.0,10.555555555555555,8,9.38,1.38
2024,11,Austrian Grand Prix,Sergio Pérez,Red Bull,8,8.0,13.626666666666665,7.3625,9.9,7,8.61,1.61
2024,12,British Grand Prix,Sergio Pérez,Red Bull,20,19.0,11.239999999999998,13.559999999999999,9.545454545454545,17,13.36,3.64
2024,13,Hungarian Grand Prix,Sergio Pérez,Red Bull,16,16.0,11.546666666666667,12.05,8.75,7,12.02,5.02
2024,14,Belgian Grand Prix,Sergio Pérez,Red Bull,2,3.0,10.653333333333332,5.1,8.538461538461538,7,6.35,0.65
2024,15,Dutch Grand Prix,Sergio Pérez,Red Bull,5,5.0,9.993333333333332,5.6000000000000005,8.428571428571429,6,7.38,1.38
2024,16,Italian Grand Prix,Sergio Pérez,Red Bull,8,8.0,7.306666666666667,7.25,8.4,8,8.39,0.39
2024,17,Azerbaijan Grand Prix,Sergio Pérez,Red Bull,4,4.0,7.6,4.180000000000001,8.125,17,6.7,10.3
2024,18,Singapore Grand Prix,Sergio Pérez,Red Bull,13,13.0,9.933333333333334,11.4,7.647058823529412,10,11.04,1.04
2024,19,United States Grand Prix,Sergio Pérez,Red Bull,9,10.0,11.046666666666667,8.34,7.277777777777778,7,9.44,2.44
2024,20,Mexico City Grand Prix,Sergio Pérez,Red Bull,18,18.0,10.813333333333333,13.659999999999998,7.2105263157894735,17,13.19,3.81
2024,21,São Paulo Grand Prix,Sergio Pérez,Red Bull,12,13.0,11.473333333333333,10.139999999999999,6.85,11,10.82,0.18
2024,22,Las Vegas Grand Prix,Sergio Pérez,Red Bull,15,16.0,11.886666666666667,10.5,6.523809523809524,10,11.97,1.97
2024,23,Qatar Grand Prix,Sergio Pérez,Red Bull,9,9.0,12.166666666666664,8.2,6.2727272727272725,17,9.73,7.27
2024,24,Abu Dhabi Grand Prix,Sergio Pérez,Red Bull,10,10.0,12.586666666666666,9.45,6.0,20,10.34,9.66
2024,1,Bahrain Grand Prix,Oscar Piastri,McLaren,8,8.0,10.3,10.2,0.0,8,10.91,2.91
2024,2,Saudi Arabian Grand Prix,Oscar Piastri,McLaren,5,5.0,8.36,8.4,4.0,4,8.62,4.62
2024,3,Australian Grand Prix,Oscar Piastri,McLaren,5,6.0,6.719999999999999,6.4,8.0,4,7.31,3.31
2024,4,Japanese Grand Prix,Oscar Piastri,McLaren,6,6.0,5.653333333333332,4.9,9.333333333333334,8,7.04,0.96
2024,5,Chinese Grand Prix,Oscar Piastri,McLaren,5,5.0,5.533333333333333,3.7,8.0,8,6.81,1.19
2024,6,Miami Grand Prix,Oscar Piastri,McLaren,6,6.0,6.586666666666667,9.899999999999999,7.2,13,8.33,4.67
2024,7,Emilia Romagna Grand Prix,Oscar Piastri,McLaren,5,2.0,8.986666666666666,2.2,6.0,4,7.31,3.31
2024,8,Monaco Grand Prix,Oscar Piastri,McLaren,2,2.0,8.053333333333333,5.2,6.857142857142857,2,6.51,4.51
2024,9,Canadian Grand Prix,Oscar Piastri,McLaren,4,4.0,6.533333333333333,6.5,8.25,5,6.93,1.93
2024,10,Spanish Grand Prix,Oscar Piastri,McLaren,9,10.0,4.486666666666666,10.100000000000001,8.444444444444445,7,8.9,1.9
2024,11,Austrian Grand Prix,Oscar Piastri,McLaren,7,7.0,5.126666666666667,9.5,8.2,2,8.26,6.26
2024,12,British Grand Prix,Oscar Piastri,McLaren,5,5.0,4.466666666666667,4.9,9.090909090909092,4,6.66,2.66
2024,13,Hungarian Grand Prix,Oscar Piastri,McLaren,2,2.0,4.2333333333333325,3.5,9.333333333333334,1,5.39,4.39
2024,14,Belgian Grand Prix,Oscar Piastri,McLaren,5,6.0,2.7733333333333334,10.0,10.538461538461538,2,6.97,4.97
2024,15,Dutch Grand Prix,Oscar Piastri,McLaren,3,3.0,2.5933333333333333,4.999999999999999,11.071428571428571,4,5.43,1.43
2024,16,Italian Grand Prix,Oscar Piastri,McLaren,2,2.0,2.413333333333333,5.3999999999999995,11.133333333333333,2,5.13,3.13
2024,17,Azerbaijan Grand Prix,Oscar Piastri,McLaren,2,2.0,2.6466666666666665,5.1,11.5625,1,5.01,4.01
2024,18,Singapore Grand Prix,Oscar Piastri,McLaren,5,5.0,2.2333333333333334,5.3999999999999995,12.352941176470589,3,5.84,2.84
2024,19,United States Grand Prix,Oscar Piastri,McLaren,5,5.0,2.12,8.4,12.5,5,6.25,1.25
2024,20,Mexico City Grand Prix,Oscar Piastri,McLaren,17,17.0,2.9999999999999996,11.700000000000001,12.368421052631579,8,10.79,2.79
2024,21,São Paulo Grand Prix,Oscar Piastri,McLaren,8,8.0,4.873333333333333,9.0,11.95,8,7.68,0.32
2024,22,Las Vegas Grand Prix,Oscar Piastri,McLaren,8,8.0,6.3999999999999995,7.8,11.571428571428571,7,7.71,0.71
2024,23,Qatar Grand Prix,Oscar Piastri,McLaren,4,4.0,7.226666666666667,3.4000000000000004,11.318181818181818,3,5.86,2.86
2024,24,Abu Dhabi Grand Prix,Oscar Piastri,McLaren,2,2.0,6.059999999999999,3.5999999999999996,11.478260869565217,10,5.1,4.9
2024,1,Bahrain Grand Prix,Daniel Ricciardo,RB F1 Team,14,14.0,12.466666666666665,10.75,0.0,13,13.14,0.14
2024,2,Saudi Arabian Grand Prix,Daniel Ricciardo,RB F1 Team,14,14.0,12.346666666666666,12.3,0.0,16,13.37,2.63
2024,3,Australian Grand Prix,Daniel Ricciardo,RB F1 Team,18,18.0,13.353333333333333,13.9,0.0,12,15.01,3.01
2024,4,Japanese Grand Prix,Daniel Ricciardo,RB F1 Team,11,11.0,13.526666666666666,11.700000000000001,0.0,19,12.39,6.61
2024,5,Chinese Grand Prix,Daniel Ricciardo,RB F1 Team,12,12.0,15.226666666666665,9.8,0.0,18,12.58,5.42
2024,6,Miami Grand Prix,Daniel Ricciardo,RB F1 Team,20,18.0,16.11333333333333,15.700000000000001,0.0,15,16.17,1.17
2024,7,Emilia Romagna Grand Prix,Daniel Ricciardo,RB F1 Team,9,9.0,16.93333333333333,9.799999999999999,0.0,13,11.74,1.26
2024,8,Monaco Grand Prix,Daniel Ricciardo,RB F1 Team,12,12.0,15.353333333333332,11.425,0.0,12,12.83,0.83
2024,9,Canadian Grand Prix,Daniel Ricciardo,RB F1 Team,5,5.0,13.953333333333333,7.6,0.0,8,9.84,1.84
2024,10,Spanish Grand Prix,Daniel Ricciardo,RB F1 Team,18,18.0,11.659999999999998,14.16,0.4444444444444444,15,14.8,0.2
2024,11,Austrian Grand Prix,Daniel Ricciardo,RB F1 Team,11,11.0,11.946666666666665,11.785714285714286,0.4,9,12.18,3.18
2024,12,British Grand Prix,Daniel Ricciardo,RB F1 Team,15,15.0,10.886666666666667,12.3,0.5454545454545454,13,13.45,0.45
2024,13,Hungarian Grand Prix,Daniel Ricciardo,RB F1 Team,9,9.0,12.053333333333333,10.15,0.5,12,11.27,0.73
2024,14,Belgian Grand Prix,Daniel Ricciardo,RB F1 Team,13,13.0,11.353333333333333,12.549999999999999,0.46153846153846156,10,12.89,2.89
2024,15,Dutch Grand Prix,Daniel Ricciardo,RB F1 Team,13,15.0,11.706666666666667,14.299999999999999,0.5,12,13.18,1.18
2024,16,Italian Grand Prix,Daniel Ricciardo,RB F1 Team,12,12.0,11.293333333333333,11.5,0.4666666666666667,13,12.4,0.6
2024,17,Azerbaijan Grand Prix,Daniel Ricciardo,RB F1 Team,14,15.0,11.766666666666666,14.350000000000001,0.4375,13,13.53,0.53
2024,18,Singapore Grand Prix,Daniel Ricciardo,RB F1 Team,16,16.0,12.466666666666665,13.5,0.4117647058823529,18,14.12,3.88
2024,1,Bahrain Grand Prix,George Russell,Mercedes,3,3.0,8.286666666666665,4.75,0.0,5,8.28,3.28
2024,2,Saudi Arabian Grand Prix,George Russell,Mercedes,7,7.0,5.953333333333333,7.1000000000000005,10.0,6,7.58,1.58
2024,3,Australian Grand Prix,George Russell,Mercedes,7,7.0,5.486666666666666,8.0,9.0,17,7.89,9.11
2024,4,Japanese Grand Prix,George Russell,Mercedes,9,9.0,8.873333333333333,9.0,6.0,7,9.63,2.63
2024,5,Chinese Grand Prix,George Russell,Mercedes,8,8.0,9.28,10.200000000000001,6.0,6,9.52,3.52
2024,6,Miami Grand Prix,George Russell,Mercedes,7,7.0,9.459999999999999,6.25,6.4,8,8.52,0.52
2024,7,Emilia Romagna Grand Prix,George Russell,Mercedes,6,6.0,7.539999999999999,8.100000000000001,6.0,7,8.4,1.4
2024,8,Monaco Grand Prix,George Russell,Mercedes,5,5.0,7.6,6.825,6.142857142857143,5,7.85,2.85
2024,9,Canadian Grand Prix,George Russell,Mercedes,1,1.0,6.6466666666666665,5.800000000000001,6.625,3,6.2,3.2
2024,10,Spanish Grand Prix,George Russell,Mercedes,4,4.0,5.24,6.640000000000001,7.555555555555555,4,6.99,2.99
2024,11,Austrian Grand Prix,George Russell,Mercedes,3,3.0,4.42,6.757142857142858,8.0,1,6.52,5.52
2024,12,British Grand Prix,George Russell,Mercedes,1,1.0,3.0666666666666664,5.449999999999999,9.545454545454545,19,5.21,13.79
2024,13,Hungarian Grand Prix,George Russell,Mercedes,17,17.0,7.52,12.759999999999998,8.75,8,12.11,4.11
2024,14,Belgian Grand Prix,George Russell,Mercedes,6,7.0,8.633333333333333,7.859999999999999,8.461538461538462,20,7.92,12.08
2024,15,Dutch Grand Prix,George Russell,Mercedes,4,4.0,14.086666666666666,7.199999999999999,7.857142857142857,7,7.76,0.76
2024,16,Italian Grand Prix,George Russell,Mercedes,3,3.0,11.466666666666665,5.799999999999999,7.733333333333333,7,7.02,0.02
2024,17,Azerbaijan Grand Prix,George Russell,Mercedes,5,5.0,11.593333333333334,7.324999999999999,7.625,3,7.94,4.94
2024,18,Singapore Grand Prix,George Russell,Mercedes,4,4.0,6.666666666666666,8.4,8.058823529411764,4,7.27,3.27
2024,19,United States Grand Prix,George Russell,Mercedes,20,6.0,5.726666666666667,7.475,8.277777777777779,6,12.25,6.25
2024,20,Mexico City Grand Prix,George Russell,Mercedes,5,5.0,4.653333333333332,7.050000000000001,8.263157894736842,5,7.18,2.18
2024,21,São Paulo Grand Prix,George Russell,Mercedes,2,2.0,5.0,5.475,8.35,4,5.97,1.97
2024,22,Las Vegas Grand Prix,George Russell,Mercedes,1,1.0,4.82,4.1,8.523809523809524,1,5.38,4.38
2024,23,Qatar Grand Prix,George Russell,Mercedes,1,2.0,3.533333333333333,5.3500000000000005,9.272727272727273,4,5.3,1.3
2024,24,Abu Dhabi Grand Prix,George Russell,Mercedes,6,7.0,3.3,8.18,9.391304347826088,5,7.32,2.32
2024,1,Bahrain Grand Prix,Carlos Sainz,Ferrari,4,4.0,9.22,4.4714285714285715,0.0,3,8.64,5.64
2024,3,Australian Grand Prix,Carlos Sainz,Ferrari,2,2.0,8.52,6.85,15.0,1,5.03,4.03
2024,4,Japanese Grand Prix,Carlos Sainz,Ferrari,4,4.0,7.173333333333333,5.8,20.0,3,4.33,1.33
2024,5,Chinese Grand Prix,Carlos Sainz,Ferrari,7,7.0,3.493333333333333,7.749999999999999,18.333333333333332,5,5.66,0.66
2024,6,Miami Grand Prix,Carlos Sainz,Ferrari,3,3.0,3.8999999999999995,3.5,16.25,5,4.19,0.81
2024,7,Emilia Romagna Grand Prix,Carlos Sainz,Ferrari,4,5.0,4.053333333333333,6.699999999999999,15.0,5,5.29,0.29
2024,8,Monaco Grand Prix,Carlos Sainz,Ferrari,3,3.0,4.64,4.18,14.166666666666666,3,4.81,1.81
2024,9,Canadian Grand Prix,Carlos Sainz,Ferrari,12,12.0,4.293333333333333,8.75,14.285714285714286,16,8.4,7.6
2024,10,Spanish Grand Prix,Carlos Sainz,Ferrari,6,6.0,7.64,5.6499999999999995,12.5,6,6.63,0.63
2024,11,Austrian Grand Prix,Carlos Sainz,Ferrari,4,4.0,7.933333333333334,5.3875,12.0,3,6.07,3.07
2024,12,British Grand Prix,Carlos Sainz,Ferrari,7,7.0,7.813333333333333,7.128571428571429,12.3,5,7.24,2.24
2024,13,Hungarian Grand Prix,Carlos Sainz,Ferrari,4,4.0,5.246666666666666,4.7,12.181818181818182,6,5.7,0.3
2024,14,Belgian Grand Prix,Carlos Sainz,Ferrari,7,8.0,5.426666666666667,8.9,11.833333333333334,6,7.4,1.4
2024,15,Dutch Grand Prix,Carlos Sainz,Ferrari,10,10.0,5.526666666666667,8.0,11.538461538461538,5,8.33,3.33
2024,16,Italian Grand Prix,Carlos Sainz,Ferrari,5,5.0,5.466666666666667,5.65,11.428571428571429,4,6.35,2.35
2024,17,Azerbaijan Grand Prix,Carlos Sainz,Ferrari,3,3.0,5.0600000000000005,5.199999999999999,11.466666666666667,18,5.58,12.42
2024,18,Singapore Grand Prix,Carlos Sainz,Ferrari,10,10.0,8.64,7.8,10.75,7,8.73,1.73
2024,19,United States Grand Prix,Carlos Sainz,Ferrari,3,3.0,9.166666666666666,5.199999999999999,10.470588235294118,2,6.15,4.15
2024,20,Mexico City Grand Prix,Carlos Sainz,Ferrari,1,1.0,8.46,4.32,10.88888888888889,1,5.21,4.21
2024,21,São Paulo Grand Prix,Carlos Sainz,Ferrari,20,14.0,4.253333333333334,9.8,11.631578947368421,16,11.75,4.25
2024,22,Las Vegas Grand Prix,Carlos Sainz,Ferrari,2,2.0,7.073333333333332,3.8,11.05,3,5.3,2.3
2024,23,Qatar Grand Prix,Carlos Sainz,Ferrari,7,7.0,6.406666666666667,8.55,11.238095238095237,6,7.56,1.56
2024,24,Abu Dhabi Grand Prix,Carlos Sainz,Ferrari,3,3.0,7.513333333333333,4.85,11.090909090909092,2,5.82,3.82
2024,1,Bahrain Grand Prix,Logan Sargeant,Williams,18,18.0,14.173333333333332,12.799999999999999,0.0,20,14.91,5.09
2024,2,Saudi Arabian Grand Prix,Logan Sargeant,Williams,19,19.0,16.87333333333333,16.3,0.0,14,15.99,1.99
2024,4,Japanese Grand Prix,Logan Sargeant,Williams,19,19.0,16.286666666666665,17.4,0.0,17,16.11,0.89
2024,5,Chinese Grand Prix,Logan Sargeant,Williams,20,20.0,16.88,12.6,0.0,17,15.76,1.24
2024,6,Miami Grand Prix,Logan Sargeant,Williams,17,17.0,16.24,17.3,0.0,20,15.43,4.57
2024,7,Emilia Romagna Grand Prix,Logan Sargeant,Williams,19,20.0,17.88,12.6,0.0,17,15.52,1.48
2024,8,Monaco Grand Prix,Logan Sargeant,Williams,15,15.0,17.7,15.7,0.0,15,14.66,0.34
2024,9,Canadian Grand Prix,Logan Sargeant,Williams,13,13.0,17.29333333333333,15.5,0.0,20,13.94,6.06
2024,10,Spanish Grand Prix,Logan Sargeant,Williams,19,20.0,17.47333333333333,19.2,0.0,20,16.48,3.52
2024,11,Austrian Grand Prix,Logan Sargeant,Williams,19,19.0,18.35333333333333,16.8,0.0,19,16.19,2.81
2024,12,British Grand Prix,Logan Sargeant,Williams,12,12.0,19.226666666666667,12.5,0.0,11,13.32,2.32
2024,13,Hungarian Grand Prix,Logan Sargeant,Williams,14,14.0,16.766666666666666,15.599999999999998,0.0,17,14.24,2.76
2024,14,Belgian Grand Prix,Logan Sargeant,Williams,18,19.0,16.186666666666664,18.0,0.0,17,15.86,1.14
2024,15,Dutch Grand Prix,Logan Sargeant,Williams,18,20.0,15.54,19.4,0.0,16,16.02,0.02
2024,1,Bahrain Grand Prix,Lance Stroll,Aston Martin,12,12.0,7.306666666666667,9.542857142857141,0.0,10,11.87,1.87
2024,2,Saudi Arabian Grand Prix,Lance Stroll,Aston Martin,10,10.0,8.653333333333332,11.2,1.0,19,11.36,7.64
2024,3,Australian Grand Prix,Lance Stroll,Aston Martin,9,9.0,12.04,9.225,0.5,6,11.13,5.13
2024,4,Japanese Grand Prix,Lance Stroll,Aston Martin,16,16.0,11.166666666666666,14.0,3.0,12,13.53,1.53
2024,5,Chinese Grand Prix,Lance Stroll,Aston Martin,11,11.0,12.053333333333333,11.200000000000001,2.25,15,11.7,3.3
2024,6,Miami Grand Prix,Lance Stroll,Aston Martin,11,11.0,11.419999999999998,10.8,1.8,17,11.69,5.31
2024,7,Emilia Romagna Grand Prix,Lance Stroll,Aston Martin,13,13.0,14.406666666666666,11.6,1.5,9,12.78,3.78
2024,8,Monaco Grand Prix,Lance Stroll,Aston Martin,13,13.0,13.106666666666666,13.2,1.5714285714285714,14,12.9,1.1
2024,9,Canadian Grand Prix,Lance Stroll,Aston Martin,9,9.0,13.353333333333333,10.3,1.375,7,11.21,4.21
2024,10,Spanish Grand Prix,Lance Stroll,Aston Martin,14,14.0,10.719999999999999,12.5,1.8888888888888888,14,12.85,1.15
2024,11,Austrian Grand Prix,Lance Stroll,Aston Martin,17,17.0,11.826666666666666,14.3,1.7,13,14.24,1.24
2024,12,British Grand Prix,Lance Stroll,Aston Martin,8,8.0,11.353333333333333,9.128571428571428,1.5454545454545454,7,10.5,3.5
2024,13,Hungarian Grand Prix,Lance Stroll,Aston Martin,8,8.0,11.233333333333334,9.700000000000001,1.9166666666666667,10,10.5,0.5
2024,14,Belgian Grand Prix,Lance Stroll,Aston Martin,15,15.0,10.059999999999999,13.1,1.8461538461538463,11,13.22,2.22
2024,15,Dutch Grand Prix,Lance Stroll,Aston Martin,8,8.0,9.833333333333332,9.3,1.7142857142857142,13,10.36,2.64
2024,16,Italian Grand Prix,Lance Stroll,Aston Martin,17,17.0,11.173333333333334,13.75,1.6,19,14.12,4.88
2024,17,Azerbaijan Grand Prix,Lance Stroll,Aston Martin,13,14.0,13.633333333333333,12.54,1.5,19,12.86,6.14
2024,18,Singapore Grand Prix,Lance Stroll,Aston Martin,17,17.0,16.22,14.475,1.411764705882353,14,14.7,0.7
2024,19,United States Grand Prix,Lance Stroll,Aston Martin,13,14.0,16.69333333333333,12.84,1.3333333333333333,15,13.2,1.8
2024,20,Mexico City Grand Prix,Lance Stroll,Aston Martin,14,14.0,16.0,13.399999999999999,1.263157894736842,11,13.57,2.57
2024,21,São Paulo Grand Prix,Lance Stroll,Aston Martin,10,10.0,14.013333333333334,11.52,1.2,19,11.82,7.18
2024,22,Las Vegas Grand Prix,Lance Stroll,Aston Martin,18,20.0,15.18,13.9,1.1428571428571428,15,14.91,0.09
2024,23,Qatar Grand Prix,Lance Stroll,Aston Martin,15,15.0,14.940000000000001,12.450000000000001,1.0909090909090908,18,13.7,4.3
2024,24,Abu Dhabi Grand Prix,Lance Stroll,Aston Martin,13,13.0,16.813333333333333,12.799999999999999,1.0434782608695652,14,13.26,0.74
2024,1,Bahrain Grand Prix,Yuki Tsunoda,RB F1 Team,11,11.0,11.466666666666665,8.5,0.0,14,11.73,2.27
2024,2,Saudi Arabian Grand Prix,Yuki Tsunoda,RB F1 Team,9,9.0,12.993333333333334,10.899999999999999,0.0,15,11.57,3.43
2024,3,Australian Grand Prix,Yuki Tsunoda,RB F1 Team,8,8.0,12.473333333333333,9.75,0.0,7,11.02,4.02
2024,4,Japanese Grand Prix,Yuki Tsunoda,RB F1 Team,10,10.0,12.119999999999997,10.95,2.0,10,11.4,1.4
2024,5,Chinese Grand Prix,Yuki Tsunoda,RB F1 Team,19,19.0,10.706666666666667,11.5,1.75,19,14.37,4.63
2024,6,Miami Grand Prix,Yuki Tsunoda,RB F1 Team,10,10.0,12.299999999999999,10.649999999999999,1.4,7,11.5,4.5
2024,7,Emilia Romagna Grand Prix,Yuki Tsunoda,RB F1 Team,7,7.0,11.879999999999999,8.15,2.1666666666666665,10,9.93,0.07
2024,8,Monaco Grand Prix,Yuki Tsunoda,RB F1 Team,8,8.0,11.579999999999998,10.8,2.0,8,10.67,2.67
2024,9,Canadian Grand Prix,Yuki Tsunoda,RB F1 Team,8,8.0,9.073333333333334,10.8,2.25,14,10.41,3.59
2024,10,Spanish Grand Prix,Yuki Tsunoda,RB F1 Team,17,17.0,10.946666666666665,14.7,2.0,19,14.16,4.84
2024,11,Austrian Grand Prix,Yuki Tsunoda,RB F1 Team,14,14.0,13.046666666666667,13.274999999999999,1.8,14,13.18,0.82
2024,12,British Grand Prix,Yuki Tsunoda,RB F1 Team,13,13.0,14.866666666666665,12.3,1.6363636363636365,10,12.9,2.9
2024,13,Hungarian Grand Prix,Yuki Tsunoda,RB F1 Team,10,10.0,13.933333333333334,11.2,1.5833333333333333,9,11.68,2.68
2024,14,Belgian Grand Prix,Yuki Tsunoda,RB F1 Team,20,18.0,11.659999999999998,15.0,1.6153846153846154,16,15.33,0.67
2024,15,Dutch Grand Prix,Yuki Tsunoda,RB F1 Team,11,12.0,12.246666666666666,13.599999999999998,1.5,17,12.24,4.76
2024,16,Italian Grand Prix,Yuki Tsunoda,RB F1 Team,16,16.0,13.759999999999998,15.599999999999998,1.4,20,14.34,5.66
2024,17,Azerbaijan Grand Prix,Yuki Tsunoda,RB F1 Team,11,12.0,16.686666666666667,11.2,1.3125,20,12.3,7.7
2024,18,Singapore Grand Prix,Yuki Tsunoda,RB F1 Team,8,8.0,18.22,11.3,1.2352941176470589,12,11.47,0.53
2024,19,United States Grand Prix,Yuki Tsunoda,RB F1 Team,10,11.0,17.23333333333333,10.6,1.1666666666666667,14,11.96,2.04
2024,20,Mexico City Grand Prix,Yuki Tsunoda,RB F1 Team,11,11.0,15.713333333333333,13.1,1.105263157894737,20,12.55,7.45
2024,21,São Paulo Grand Prix,Yuki Tsunoda,RB F1 Team,3,3.0,15.89333333333333,8.0,1.05,7,9.18,2.18
2024,22,Las Vegas Grand Prix,Yuki Tsunoda,RB F1 Team,7,7.0,13.946666666666665,11.099999999999998,1.2857142857142858,9,10.74,1.74
2024,23,Qatar Grand Prix,Yuki Tsunoda,RB F1 Team,14,14.0,12.119999999999997,13.399999999999999,1.3181818181818181,13,13.23,0.23
2024,24,Abu Dhabi Grand Prix,Yuki Tsunoda,RB F1 Team,11,11.0,10.546666666666665,10.2,1.2608695652173914,12,11.64,0.36
2024,1,Bahrain Grand Prix,Guanyu Zhou,Sauber,17,17.0,15.993333333333332,12.6,0.0,11,14.7,3.7
2024,2,Saudi Arabian Grand Prix,Guanyu Zhou,Sauber,20,20.0,14.473333333333333,15.6,0.0,18,16.01,1.99
2024,3,Australian Grand Prix,Guanyu Zhou,Sauber,19,19.0,15.413333333333332,14.5,0.0,15,15.6,0.6
2024,4,Japanese Grand Prix,Guanyu Zhou,Sauber,20,20.0,14.826666666666664,17.15,0.0,18,16.28,1.72
2024,5,Chinese Grand Prix,Guanyu Zhou,Sauber,16,16.0,16.64,10.6,0.0,14,14.13,0.13
2024,6,Miami Grand Prix,Guanyu Zhou,Sauber,19,20.0,15.526666666666664,18.2,0.0,14,16.16,2.16
2024,7,Emilia Romagna Grand Prix,Guanyu Zhou,Sauber,17,17.0,15.473333333333333,15.6,0.0,15,15.11,0.11
2024,8,Monaco Grand Prix,Guanyu Zhou,Sauber,18,18.0,14.593333333333334,16.15,0.0,16,15.45,0.55
2024,9,Canadian Grand Prix,Guanyu Zhou,Sauber,20,20.0,15.120000000000001,16.6,0.0,15,16.22,1.22
2024,10,Spanish Grand Prix,Guanyu Zhou,Sauber,15,15.0,15.173333333333332,14.899999999999999,0.0,13,14.32,1.32
2024,11,Austrian Grand Prix,Guanyu Zhou,Sauber,20,20.0,14.646666666666665,17.3,0.0,17,16.28,0.72
2024,12,British Grand Prix,Guanyu Zhou,Sauber,14,14.0,15.059999999999999,15.3,0.0,18,14.05,3.95
2024,13,Hungarian Grand Prix,Guanyu Zhou,Sauber,18,18.0,15.94,16.55,0.0,19,15.62,3.38
2024,14,Belgian Grand Prix,Guanyu Zhou,Sauber,19,20.0,17.52,17.450000000000003,0.0,19,16.22,2.78
2024,15,Dutch Grand Prix,Guanyu Zhou,Sauber,17,18.0,18.226666666666667,17.5,0.0,20,15.63,4.37
2024,16,Italian Grand Prix,Guanyu Zhou,Sauber,20,20.0,19.11333333333333,17.0,0.0,18,16.61,1.39
2024,17,Azerbaijan Grand Prix,Guanyu Zhou,Sauber,17,18.0,18.939999999999998,17.950000000000003,0.0,14,15.76,1.76
2024,18,Singapore Grand Prix,Guanyu Zhou,Sauber,20,20.0,17.53333333333333,18.6,0.0,15,16.72,1.72
2024,19,United States Grand Prix,Guanyu Zhou,Sauber,18,20.0,16.126666666666665,17.35,0.0,19,15.76,3.24
2024,20,Mexico City Grand Prix,Guanyu Zhou,Sauber,19,20.0,16.36,17.650000000000002,0.0,15,16.15,1.15
2024,21,São Paulo Grand Prix,Guanyu Zhou,Sauber,19,20.0,16.29333333333333,17.95,0.0,15,16.19,1.19
2024,22,Las Vegas Grand Prix,Guanyu Zhou,Sauber,13,13.0,16.11333333333333,14.4,0.0,13,13.67,0.67
2024,23,Qatar Grand Prix,Guanyu Zhou,Sauber,12,12.0,14.653333333333332,12.1,0.0,8,12.87,4.87
2024,24,Abu Dhabi Grand Prix,Guanyu Zhou,Sauber,15,17.0,12.599999999999998,16.25,0.17391304347826086,13,14.27,1.27
